S,QIN,QOUT
0.0005727904107929338,0.0,0.0
0.0005474116070708912,0.0,0.000253800660391943
0.0005220437810541101,0.0,0.0002536908561992278
0.0004967515113224686,0.0,0.00025293507533240007
0.00047163263194696106,0.0,0.0002512010235596972
0.00044676950543207083,0.0,0.00024864330597344796
0.0004222181438486128,0.0,0.00024552520147032644
0.0003980131490128491,0.0,0.00024206126736654558
0.00037417374854655796,0.0,0.00023840491472620733
0.0003507089504023675,0.0,0.0002346582025354654
0.000327621095482189,0.0,0.0002308879473534491
0.0003049081497822459,0.0,0.00022713795223344713
0.0002825652701678172,0.0,0.00022343639742139444
0.00026058585303431747,0.0,0.00021980096215746137
0.0003389562630437104,0.001,0.00021625554010819845
0.00041765202657996215,0.0009999999999999996,0.00021300252953520941
0.00039650123471137165,0.0,0.00021151848220631346
0.000475192921850659,0.000999999999999997,0.000213044252761173
0.00045357905066025216,0.0,0.0002161494421962385
0.0004315664775543071,0.0,0.00022013619865201076
0.00040915962821108653,0.0,0.00022407928351331294
0.00038651484702975636,0.0,0.00022646044558229366
0.0003638055667042783,0.0,0.000227105072071793
0.000441161510982796,0.0010000000000000009,0.0002264015790837317
0.0004186588092536636,0.0,0.00022503863317253556
0.0003961879227081688,0.0,0.00022471995839594156
0.00037365555449558885,0.0,0.00022533493530580567
0.00045111175313785056,0.0009999999999999974,0.00022539914212643935
0.0004286338347166241,0.0,0.00022479073768755763
0.0004061279216481195,0.0,0.00022507019510941383
0.00038351741247232284,0.0,0.000226116334834877
0.00036087238988161683,0.0,0.00022646149045958772
0.00033829989257689317,0.0,0.00022573675492373966
0.00031588750730197624,0.0,0.0002241349915372108
0.0002936969967301306,0.0,0.00022191606704144873
0.0002717684931114184,0.0,0.0002192955782309618
0.00025012689224014894,0.0,0.0002164263040392439
0.00022878630522516486,0.0,0.00021341572218817884
0.0007084386971279222,0.005007100000000003,0.0002103467341699819
0.0007877019369776194,0.0010014000000000065,0.00020872169180006367
0.0007659359353107021,0.0,0.00021766659699363165
0.0017421700691464593,0.010000000000000033,0.00023725375626550659
0.0017152709843747116,0.0,0.0002689723714574977
0.0018800523462999153,0.002000000000000012,0.0003521142936254492
0.0019359050822833957,0.0010000000000000113,0.00044144638571176446
0.0018846862594308566,0.0,0.0005122078095673201
0.0018288626056198408,0.0,0.0005582617976777095
0.0017712272386008864,0.0,0.0005763762944588028
0.0017136216895253353,0.0,0.0005760801995897749
0.0016569791272510125,0.0,0.0005664494049043029
0.001601726864421177,0.0,0.0005525451583228962
0.0015480348852069282,0.0,0.0005369411066011038
0.0014959448663690866,0.0,0.0005209204531488928
0.0014454359946325323,0.0,0.0005051075252695148
0.0013964581454626091,0.0,0.0004897958960651087
0.0013489486555791964,0.0,0.0004751109989082035
0.0014028327961801146,0.0009999999999999523,0.0004611348504559576
0.0013578732035121166,0.0,0.00044961588248935633
0.001313502543369227,0.0,0.00044372650251656154
0.0015753231791845678,0.003056800000000009,0.0004384804282763881
0.0015316121352396072,0.0,0.0004371276439933437
0.002319142424760612,0.008327400000000033,0.000451783883274718
0.002678328120222895,0.00409030000000004,0.0004982975402658685
0.002614037853822332,0.0,0.0006429186483494845
0.0025349997362349385,0.0,0.0007904150692536194
0.0024501407732836155,0.0,0.0008486171411953465
0.0025650377122993393,0.0019999999999999324,0.0008509866910921815
0.0025804151554759402,0.000999999999999994,0.0008462196133795993
0.002594474900178312,0.0010000000000000495,0.0008593971946031301
0.002507275665963399,0.0,0.0008720260362375595
0.0024200859261070463,0.0,0.0008719301808833291
0.002439004681949064,0.0010416000000000036,0.0008524046342974351
0.0023559795549505545,0.0,0.000830284087082394
0.0022745954040343684,0.0,0.0008138736581275938
0.002605163708223374,0.004097199999999947,0.0007913886997673938
0.0026258488607169062,0.0010009999999999464,0.0007941389278512088
0.002541634496816614,0.0,0.0008421756769690786
0.002454795450497799,0.0,0.0008684255820545876
0.002368812721023911,0.0,0.0008598606878069473
0.002285410311866032,0.0,0.0008340556260790985
0.0022051759037151897,0.0,0.0008023739431755258
0.0022286282186541606,0.0010043999999999817,0.0007698670968780061
0.002154233275620687,0.0,0.0007439794110795511
0.002081470782234801,0.0,0.0007276543236920188
0.0023199991929122423,0.00309399999999993,0.000708621261327369
0.0022496958668186797,0.0,0.0007030587459659343
0.0021774701051580857,0.0,0.0007222853663764184
0.002404828248332025,0.002999999999999947,0.0007263295181011847
0.002431578263046624,0.0010000000000000148,0.0007324887852190598
0.00302540636744657,0.0067048000000000454,0.0007663001041958301
0.003163112875823848,0.0022349000000000396,0.0008577797194257303
0.003060694660294394,0.0,0.0010242179728944811
0.002949210659826007,0.0,0.0011148841634681037
0.0028378746758627228,0.0,0.0011134009073550874
0.002730489154622107,0.0,0.0010738939014821175
0.0027280689093111985,0.0010000000000000425,0.0010242031272168703
0.002629719854640694,0.0,0.0009835281268613383
0.0025343623557670613,0.0,0.0009536112022308432
0.002442628789033002,0.0,0.0009173696018261179
0.0023548697734258385,0.0,0.0008776216112509339
0.0022710459634610767,0.0,0.0008382675834180328
0.0026975460858489563,0.005067100000000144,0.0008019353732409973
0.003216567208359278,0.0059999999999999915,0.0008096012423576687
0.0032219593942024506,0.0010000000000000564,0.0009460702322385897
0.003110308303676074,0.0,0.0011165502021157347
0.0029930299924335437,0.0,0.0011728238258963963
0.002877957734543657,0.0,0.0011507653653720293
0.0028677575947611946,0.0010000000000000286,0.0011020048479230202
0.0028618555191986137,0.000999999999999987,0.001059022308403136
0.0029580879454244647,0.0019999999999999185,0.0010376402363685908
0.002854070847377166,0.0,0.0010402092438799165
0.0029495091777797743,0.0019999999999999046,0.0010455812896625616
0.0028451524572922935,0.0,0.0010436056418757778
0.002740862116930165,0.0,0.0010429414395925207
0.002639389675500009,0.0,0.0010147622452414268
0.0025421267582366623,0.0,0.0009726645904038489
0.0024493715008209517,0.0,0.0009275856004954813
0.0023610033654241137,0.0,0.0008837118881167283
0.002676652477899777,0.00399999999999999,0.0008433869934486027
0.002892752652214814,0.003000000000000058,0.0008389175030260321
0.002802112655105898,0.0,0.0009064318426367235
0.0027050973539869904,0.0,0.0009701916591072918
0.00260763586597042,0.0,0.0009746507226065793
0.002612885918982094,0.0010000000000000703,0.0009474971548042443
0.0026210149130127037,0.0010000000000000286,0.0009187064286763913
0.0026305135867798644,0.0010003999999999708,0.0009054092294437377
0.0026431601296967645,0.001028900000000041,0.0009024297600599002
0.0025527634452183535,0.0,0.0009040016357083069
0.002462951456986162,0.0,0.0008981536356386377
0.002375488738061299,0.0,0.0008746598596281463
0.0022912792965763483,0.0,0.0008421256601669619
0.0022105490991058963,0.0,0.0008073314856335972
0.0021332379565379644,0.0,0.0007731387984727389
0.00205917929656283,0.0,0.0007406121842027796
0.0019881744943647415,0.0,0.00071007550384658
0.0019200236363033252,0.0,0.0006815350158078243
0.0018545366241809135,0.0,0.0006548959938760257
0.0017915372384879446,0.0,0.0006300185291831517
0.0017308636945531863,0.0,0.0006067588490423492
0.0016723680356916682,0.0,0.0005849788733948563
0.0016159150339656813,0.0,0.0005645515689244041
0.0015613810479097878,0.0,0.0005453606117790666
0.0015086528243433094,0.0,0.0005273021540420086
0.0014576264362283597,0.0,0.0005102829568513767
0.0014082063292847225,0.0,0.0004942193082567992
0.0013603044750797211,0.0,0.0004790359608286693
0.0013138396218349835,0.0,0.0004646651558001952
0.0012687366323274108,0.0,0.0004510457529836448
0.0012249258983574318,0.0,0.00043812246570233693
0.0011823428110632138,0.0,0.00042584544474294495
0.0011409273167746314,0.0,0.0004141690780271601
0.0011006235128336816,0.0,0.00040305172495684605
0.0010613792716202054,0.0,0.00039245564119999576
0.0011231391528415124,0.0009999999999999731,0.00038237298884703785
0.001085755018160811,0.0,0.0003738576449849179
0.0010487926883287646,0.0,0.00036964050173983465
0.0010121364715654057,0.0,0.00036657888938883276
0.001378473677776143,0.004025599999999893,0.0003620669288069561
0.0014431767560243835,0.001008500000000176,0.00036143749823268345
0.0014051075411271817,0.0,0.00038070745268384276
0.0013643817654005908,0.0,0.0004072772046615353
0.002730107261086673,0.014081999999999872,0.0004242332776894786
0.002980842618319923,0.0030028000000001803,0.0004953260757108863
0.0029062787740568585,0.0,0.0007456571679315543
0.002812108309039235,0.0,0.0009417450239049691
0.002712197766125174,0.0,0.0009991382789521774
0.0026133119111152016,0.0,0.0009888959263606723
0.002517854990844204,0.0,0.0009546043682358007
0.002426516220834235,0.0,0.0009134206883686519
0.0027723894003344072,0.004331799999999983,0.0008729359929370295
0.002685223340145898,0.0,0.0008716900653497478
0.0025939231281774887,0.0,0.0009130382486422506
0.0025022086559683076,0.0,0.0009171795451684839
0.0024128573568990897,0.0,0.000893546144197857
0.002326883293120391,0.0,0.0008597724138896395
0.0022445222051948434,0.0,0.0008236408654784116
0.002165706091415598,0.0,0.000788188939114462
0.002090256839493271,0.0,0.0007545185094779555
0.0021205258433002585,0.00102580000000016,0.000723096669945883
0.002361103380073154,0.003105199999999836,0.0006993294389198434
0.0022907368282481188,0.0,0.0007036905316143149
0.0026253579911155013,0.004079400000000011,0.0007330609088963269
0.002548131883655075,0.0,0.0007722861033141321
0.0024651911246068694,0.0,0.0008294412678198637
0.0024806279343527636,0.0009999999999996678,0.000845625842578468
0.002396740116466767,0.0,0.0008389110834791519
0.0023139220426913578,0.0,0.0008282125857225903
0.0022332891467574446,0.0,0.0008063596756612001
0.0021555068827532665,0.0,0.0007778518619249997
0.002080752467254038,0.0,0.0007475718325856695
0.0020089807409872707,0.0,0.000717742978853575
0.0019400589875737007,0.0,0.0006892415676718194
0.002178140279157892,0.003043599999999841,0.0006626909309868784
0.0021129459943881657,0.0,0.0006519664341700648
0.0021508514892686513,0.0010461999999998861,0.0006671299183306639
0.002187745045082107,0.0010462000000000249,0.0006772495761553365
0.002119077079245707,0.0,0.0006867072607192048
0.0020498218791333454,0.0,0.0006925791924101282
0.0019813218659614773,0.0,0.0006850276390994586
0.0020156646041554704,0.0010117000000001986,0.0006682584734979125
0.0020515737355774446,0.0010111999999999621,0.0006520933703479115
0.0023939911673174384,0.004071800000000014,0.000647492237041497
0.0023268985841721325,0.0,0.0006709482935792488
0.0022546742882550374,0.0,0.0007222743511846597
0.0021803188444047827,0.0,0.0007435821817331489
0.0023279988274537643,0.002214499999999925,0.0007376414761068872
0.002254777791085999,0.0,0.0007322392229099917
0.0022834120839354878,0.0010270000000000556,0.0007406458629108936
0.0022092254114809253,0.0,0.0007418963694580671
0.0021353378128212306,0.0,0.0007389049412161453
0.002163603741730952,0.0010077000000000558,0.0007250284514149496
0.00219268811915192,0.0009999999999998899,0.00070914455483298
0.0021223053822354288,0.0,0.0007038557666413647
0.0020521503147111707,0.0,0.0007015784662562918
0.0019831735527509496,0.0,0.0006897953312836602
0.001916095946314783,0.0,0.0006708024646573107
0.0019511915422036675,0.0010000000000001674,0.0006490294031094301
0.0018881267461408058,0.0,0.0006306740849060244
0.0027259983323680457,0.009000000000000064,0.0006209598029693897
0.0027593462765583276,0.0009999999999999176,0.0006664966914205483
0.002678289213697388,0.0,0.0008105995907129182
0.002588658504309138,0.0,0.0008963443469062193
0.002597681675644309,0.0010000000000000286,0.0009097649190032697
0.0025078453926171973,0.0,0.0008983976326020493
0.002419502408025076,0.0,0.0008834634125483576
0.0023338116834103416,0.0,0.0008569395073912134
0.0022514066009720057,0.0,0.0008240814373351446
0.0022723897201246735,0.0010000000000000564,0.0007901600878771065
0.0021960797666174927,0.0,0.0007631301375747024
0.0021215018305334233,0.0,0.0007458093104276142
0.002048993563831608,0.0,0.0007251109472450057
0.001978928213047032,0.0,0.0007006803158163821
0.0019114064209265647,0.0,0.0006752432283056442
0.0018463848526510008,0.0,0.0006502392279721381
0.0017837594762384278,0.0,0.0006262757204572311
0.0017234049390058904,0.0,0.0006035661938720016
0.001765180817483386,0.0010000000000000286,0.0005822233337587912
0.0017086608074337705,0.0,0.0005652240962465416
0.0016530803530655058,0.0,0.0005558283334593794
0.0015985023348306037,0.0,0.0005458028013687888
0.0015452210896407803,0.0,0.0005328343511011302
0.0014933913080738548,0.0,0.0005183185796514278
0.0015430493220264907,0.0010000000000000842,0.0005033979258309285
0.0014939655053656576,0.0,0.0004908596832177425
0.0014455369427515963,0.0,0.00048430695002965596
0.0020977099835588374,0.0070000000000000895,0.00047800160744063125
0.0022485619017474255,0.002000000000000113,0.000491413731240592
0.002191687169836987,0.0,0.0005687669985749988
0.0025269719853347914,0.004000000000000142,0.0006470218059697053
0.0027560525082018007,0.002999999999999725,0.0007091070202360494
0.0052729202929217844,0.026000000000000245,0.0008305118574660209
0.005783817943030784,0.007000000000000672,0.0018908350028811194
0.005447592038646592,0.0,0.003362353919329625
0.005103118449524119,0.0,0.0034448352102473823
0.004795368298817287,0.0,0.00307759155196205
0.004523043283031702,0.0,0.002723326904710055
0.0042802434071307904,0.0,0.0024280933201037136
0.004061834707491741,0.0,0.002184185327268634
0.0039635591291144355,0.0009999999999999731,0.001982787954801335
0.0037795694497473886,0.0,0.001839959018116566
0.003707326627764479,0.0009999999999999454,0.001722452423027293
0.0036448562890118385,0.0009999999999999176,0.0016247242760480674
0.0034889138680263554,0.0,0.0015594785722366222
0.003440015249858147,0.0010000000000000286,0.0014890029703452934
0.004695778398897505,0.013999999999999763,0.001441964884659308
0.0055060318825157165,0.009999999999999898,0.0018972132823085464
0.005217204856776269,0.0,0.0028883506436900297
0.004906514146302754,0.0,0.003106993676421921
0.005716318595323555,0.011000000000000343,0.0029017140615814063
0.00548434227325712,0.001000000000000445,0.0033198278803162062
0.005140339424538881,0.0,0.003440130947286707
0.004828906649968578,0.0,0.00311441969315851
0.00455292043046312,0.0,0.0027599412040657523
0.0046058540083812,0.0030000000000003357,0.002470646402452148
0.005465533985452487,0.011000000000000454,0.0024029416500962464
0.005570412320917833,0.0039999999999995595,0.002951182262060814
0.005232526904956109,0.0,0.0033789539405246483
0.004912392637346996,0.0,0.0032014397089110136
0.004627208638878699,0.0,0.0028519234075947697
0.00447307205737762,0.001000000000000223,0.0025414139796376967
0.004241083754469038,0.0,0.0023199580500886108
0.004028006634202952,0.0,0.002130838295778814
0.00393317935438115,0.001000000000000223,0.0019483039515142686
0.005944228960779585,0.022000000000000464,0.0018888930192102749
0.005737152278836121,0.0009999999999997233,0.0030708088438219094
0.00566126048026942,0.002999999999999725,0.003758939766432212
0.005395470504060057,0.0010000000000006115,0.003657977615750485
0.005056872987921746,0.0,0.0033860767235139866
0.005350915647287813,0.006000000000000172,0.003059483049335121
0.0054405451785940915,0.004000000000000226,0.003103677790829429
0.006697691544297918,0.01599999999999996,0.003428186143684453
0.006520206391399835,0.0030000000000005023,0.0047748942085819035
0.0061156917547166845,0.0009999999999998344,0.005045258147017895
0.005667178811774703,0.0,0.004485257303575407
0.005281865818111642,0.0,0.0038532357614884383
0.006435241374590711,0.014999999999999847,0.0034659154633020495
0.006103721323408512,0.0009999999999997788,0.004315287860476635
0.005664128040637722,0.0,0.004396058367447442
0.005280148772621768,0.0,0.0038399006045397033
0.0051467138998524285,0.001999999999999391,0.0033343876175229714
0.004942673788072921,0.0010000000000001674,0.003040463257070858
0.0051580832662460165,0.004999999999999949,0.0028458393708796215
0.005764856998967316,0.009000000000000175,0.0029320852475321346
0.005420441784662428,0.0,0.0034442508011629513
0.0050783949847416745,0.0,0.0034205697268481217
0.004773529490581152,0.0,0.0030487439542563055
0.00450365271658309,0.0,0.0026988435496522745
0.004262869731066066,0.0,0.0024079249916758028
0.004046134971726395,0.0,0.002167445792311651
0.003949269747568174,0.0010000000000000009,0.00196868398855099
0.0037665092110854724,0.0,0.0018276672539936367
0.0036953364786038055,0.001000000000000445,0.0017117511937183028
0.00353396645357687,0.0,0.0016137562124948213
0.0033813346858437344,0.0,0.0015263695783906406
0.003238377673994941,0.0,0.0014296177421252998
0.003104770160143827,0.0,0.0013361182385019932
0.002979703986898902,0.0,0.0012507112773985085
0.0028623275913793435,0.0,0.0011738165274884915
0.002751862509624797,0.0,0.001104702371879429
0.0026476236536323193,0.0,0.0010424387451009598
0.0025490144475703914,0.0,0.0009861390536531345
0.0024555152773729993,0.0,0.0009350351734164208
0.004865123190565296,0.025000000000000355,0.0009031211035550601
0.005310001292040267,0.005999999999999506,0.0015510478589539911
0.005038304694225598,0.0,0.002717043904884975
0.004749113935862509,0.0,0.0028919886526647676
0.004782722934575262,0.0030000000000005023,0.0026638987041314732
0.004628633158118484,0.001000000000000334,0.002540946197643834
0.0043844882623049475,0.0,0.0024415269582913623
0.00435764667329025,0.002000000000000224,0.0022684238248507627
0.004143383292968855,0.0,0.0021427038563949785
0.003941302789061446,0.0,0.002020870082964088
0.003754798673192966,0.0,0.0018651004517097336
0.0035831965804525357,0.0,0.0017160737410180649
0.0034248425080345203,0.0,0.0015836042520147031
0.003577766451425474,0.002999999999999725,0.0014707064077134624
0.0034348185327912452,0.0,0.001429529054089107
0.0033930945560481816,0.0009999999999996123,0.0014172543124046366
0.0032555756351771935,0.0,0.0013752385028596437
0.0031233134676311447,0.0,0.0013226679754975712
0.0029979857699340582,0.0,0.0012533203767561285
0.0028798494053326796,0.0,0.001181403536326009
0.002768507432185896,0.0,0.0011134563452373514
0.002663402761115208,0.0,0.0010510899501757764
0.0025639795619203654,0.0,0.000994276044709308
0.0024697280141418366,0.0,0.0009425585767269262
0.0023801931290777234,0.0,0.0008953891894785682
0.0022949719716797213,0.0,0.0008522488760336899
0.002213708006279702,0.0,0.0008126741073472554
0.002436019393606387,0.0029999999999996696,0.0007767976578283986
0.0023597296622764885,0.0,0.0007629263144023346
0.0023819705266525824,0.0010000000000007225,0.0007775826577962608
0.002303699384083413,0.0,0.0007827424159569385
0.0022257074033231296,0.0,0.0007799499810388633
0.0021493198574988716,0.0,0.0007639055233018
0.002175322797373769,0.0010000000000002784,0.000739959194535289
0.002203443829837587,0.0010000000000000564,0.0007187776516936473
0.0021323691531604126,0.0,0.0007107754229574437
0.0020616695114381856,0.0,0.0007070244269623549
0.0019922387887046644,0.0,0.0006943350743964238
0.0019247666129664776,0.0,0.0006747482599082644
0.001859523131217744,0.0,0.0006524598227352629
0.001796556592619586,0.0,0.0006296890215264361
0.0017358150955238904,0.0,0.0006074369507310662
0.0016772049675256085,0.0,0.0005861217556391018
0.0018205967970854442,0.001999999999999613,0.0005660212051376567
0.001765275944110628,0.0,0.000553231684954858
0.0017098015072409601,0.0,0.0005547672960901084
0.0017544260771985344,0.0009999999999998899,0.0005537355280955669
0.0016995719818490296,0.0,0.0005485642344907338
0.0016450088341813606,0.0,0.0005456543398161817
0.0016910797724645267,0.0009999999999998344,0.0005392710058643169
0.001637964329467867,0.0,0.0005311772423564065
0.0015852812735786981,0.0,0.0005268533024695987
0.001533256860707538,0.0,0.0005202659605302307
0.0014822766667146714,0.0,0.0005098231858583491
0.001632538513513182,0.0019999999999999463,0.0004973168256948157
0.0016836604251935616,0.0010000000000000564,0.0004887590208227377
0.0016341914177514572,0.0,0.0004947108816723556
0.0015836396430344401,0.0,0.0005055385392561673
0.0015327941231691566,0.0,0.0005084771243193953
0.0014824572509785027,0.0,0.0005033905881184353
0.001433083205455593,0.0,0.0004937611639685979
0.001384888507404597,0.0,0.00048196683850376676
0.0013379578329987206,0.0,0.00046932560115081623
0.001292306545602323,0.0,0.0004565307396846019
0.0012479144257584284,0.0,0.00044393768935546696
0.001204743735463637,0.0,0.0004317219932964411
0.0011627488018964792,0.0,0.0004199633531390412
0.0011218811368425674,0.0,0.00040869052435382747
0.0010820922070682304,0.0,0.0003979028276380192
0.0010433348240376228,0.0,0.0003875868242662617
0.0010055637329038746,0.0,0.0003777234755282244
0.0009687359401722884,0.0,0.0003682900193249239
0.0009328107732782364,0.0,0.000359263301192847
0.0008977498464382949,0.0,0.00035062045890033033
0.0008635169674000076,0.0,0.00034233955322843235
0.0008300780181690725,0.0,0.00033439983927141537
0.0007974008271229127,0.0,0.00032678185283868677
0.0007654550413438599,0.0,0.00031946740719940303
0.0007342120036463951,0.0,0.0003124395455233464
0.0007036446364448834,0.0,0.0003056824722223461
0.0006737273333209615,0.0,0.00029918147588681165
0.0006444358584434095,0.0,0.0002929228507576598
0.0006157472536152397,0.0,0.0002868938204769744
0.0005876397464719019,0.0,0.00028108260788001216
0.0005600926822304896,0.0,0.00027547797540544705
0.0005330864485753372,0.0,0.00027006946585350633
0.0005066024059776908,0.0,0.00026484735215104305
0.0004806228257653422,0.0,0.00025980252639906665
0.0004551308329441894,0.0,0.0002549264523719619
0.00043011035335823177,0.0,0.00025021112214962393
0.0007187193471212105,0.0031318999999996877,0.0002456715455300129
0.0006944717748024853,0.0,0.00024248304878526916
0.0006698349291101135,0.0,0.0002463795547925085
0.0007444942987104187,0.001001499999999933,0.0002548703513480244
0.0007183083922726208,0.0,0.0002618704694714591
0.0007914952911770412,0.0009999999999998344,0.0002680959058911636
0.0007641395057283451,0.0,0.0002735697742481391
0.0007362377924595542,0.0,0.00027902997768153304
0.0007079064006716374,0.0,0.0002833282494948963
0.0007814727551847423,0.0010206000000004822,0.00028490110910228683
0.0007530060793899451,0.0,0.0002846807206273727
0.0007244527730641326,0.0,0.0002855465136127888
0.0006957866113012301,0.0,0.00028667519031533306
0.001271729240682712,0.00604590000000077,0.00028621462168521017
0.0012427992699361123,0.0,0.000289301445896617
0.001211302374949086,0.0,0.0003149806914683473
0.0012766301322039875,0.0009999999999999454,0.0003466930109023436
0.0013398456994706265,0.001000000000000223,0.00036781589640044743
0.001301440983223251,0.0,0.00038406372857979765
0.0012616043075610096,0.0,0.00039838344272546955
0.0012209932874953032,0.0,0.0004061299520792816
0.0011803155658749898,0.0,0.00040679540965404826
0.0011400323404344103,0.0,0.0004028506268735077
0.001100401767652115,0.0,0.0003963231048561
0.0010615576434109763,0.0,0.00038845795760672486
0.0010235608755488567,0.0,0.00037998350378054546
0.0009864310190425718,0.0,0.0003713134147223518
0.000950164307848489,0.0,0.00036268106456271987
0.0010165676924966671,0.0010183000000002496,0.00035423466138451154
0.0009818736237186265,0.0,0.0003469560201388444
0.0009475277599678533,0.0,0.0003434746055320792
0.0015133699180754634,0.006000000000000172,0.00034132896711919214
0.0014787745872908487,0.0,0.0003459580326327094
0.0014408387614146146,0.0,0.0003793738053560203
0.0013993829923332258,0.0,0.00041457763083718735
0.0013560955751222182,0.0,0.00043289237091043153
0.001312279141407302,0.0,0.00043818432947145824
0.001268693286995709,0.0,0.0004358783000728006
0.0012257483614613318,0.0,0.00042946778723979007
0.0011836545655068754,0.0,0.0004209560539460422
0.0013430561879195502,0.0020055999999997187,0.0004115128361155129
0.0013025872505898928,0.0,0.0004047055046736414
0.001563582627096194,0.0030173999999995593,0.0004073333597361395
0.0015219112567061432,0.0,0.0004167295158175044
0.002399228732289355,0.009212399999999565,0.0004388774803659734
0.0023498072805368474,0.0,0.0004942151867266542
0.0023875672685387817,0.0010000000000003895,0.0006223832702173526
0.002316406315561942,0.0,0.0007116368435984843
0.0022413014036269606,0.0,0.0007510810756427566
0.002165853590430111,0.0,0.0007545078984551035
0.002091944029114434,0.0,0.0007391250266115534
0.0022202986437353245,0.0019999999999998352,0.0007164019573558389
0.0021501201020351357,0.0,0.0007018121150744738
0.0021797969503682514,0.001000000000000112,0.0007032196691218462
0.002109639504214389,0.0,0.0007016028340785518
0.002039830325768621,0.0,0.0006981195067221058
0.00197126705943394,0.0,0.0006856602307068194
0.0020046038363699115,0.0009999999999995013,0.0006666184495977001
0.002039667101304277,0.0009999999999998344,0.000649352250101709
0.0019753255415647488,0.0,0.0006434419975059336
0.0019111064822777079,0.0,0.000642216495310266
0.0019487261619097972,0.0010097999999998941,0.0006335876998570522
0.0018864904954575602,0.0,0.0006223824302850622
0.0018249536146288047,0.0,0.000615394551678472
0.0017644938006576183,0.0,0.0006046226847106762
0.0018055509882924426,0.0009999999999996678,0.0005894107414011196
0.0017480103297667193,0.0,0.0005754308968425326
0.0016912608811520125,0.0,0.0005675186526947762
0.0016354755335748871,0.0,0.0005578765563400978
0.001581006105657079,0.0,0.0005447166070760567
0.0015280316667767412,0.0,0.0005297655882152696
0.0014766061304683608,0.0,0.0005142752226295344
0.0014267175214292605,0.0,0.0004989048550166353
0.0013783218631215233,0.0,0.0004839739327626158
0.0013313609938205794,0.0,0.000469624717312489
0.001285771585223322,0.0,0.0004559100318985987
0.0012414898469357838,0.0,0.00044283317920273957
0.0011984538356097584,0.0,0.00043037510896504205
0.0011566043540753134,0.0,0.00041850898153605876
0.0011158853800347756,0.0,0.00040720352694179063
0.001076244228495632,0.0,0.00039642487296026596
0.0010376314333237658,0.0,0.00038614086559302097
0.001000000591041117,0.0,0.00037632088874034464
0.0009633081718592839,0.0,0.00036693621046635094
0.0009275133226983423,0.0,0.0003579600671550498
0.0008925776743390623,0.0,0.0003493676228742415
0.0009599786964505974,0.0010152000000000494,0.00034115860799149855
0.0009265681801607972,0.0,0.00033412005732513794
0.0014001207830184991,0.005066499999999474,0.00033076595657066665
0.001569270392435096,0.002026600000000267,0.00033502644836069795
0.0015326475448100285,0.0,0.00036624049273975556
0.0014914767813352548,0.0,0.0004117248658480621
0.0014472227448600328,0.0,0.000442561727715729
0.0014016923167537332,0.0,0.0004553231655597956
0.0013560335820638537,0.0,0.00045660790830748255
0.0013108763885685826,0.0,0.00045159198276756296
0.0012665467170980104,0.0,0.0004433156928501658
0.0012232017222117476,0.0,0.00043346815234018843
0.0012808986649926635,0.0009999999999996678,0.0004230048072586534
0.0015402317464223493,0.003007399999999383,0.0004139579855421127
0.0014987050008034297,0.0,0.0004152833104806297
0.001864005467390306,0.004087100000000232,0.00043394406127322815
0.0018178512077218045,0.0,0.0004615572621499142
0.0017672011620993243,0.0,0.0005065218442381614
0.0017134964219156057,0.0,0.0005370722696877994
0.0016588981170922612,0.0,0.00054600377641284
0.001604687475710792,0.0,0.0005421300420270225
0.0015515022588459492,0.0,0.0005318741288906637
0.0014996342894667448,0.0,0.0005187007859025483
0.0014491955198413398,0.0,0.0005044077577128769
0.0014002069958733599,0.0,0.0004899042816173815
0.0013526445068546555,0.0,0.0004756425228317762
0.0013064622892094203,0.0,0.0004618384004633769
0.0012616052667466238,0.0,0.0004485852006159696
0.0012180153267329686,0.0,0.0004359146506481282
0.001175634737236042,0.0,0.00042382070707119857
0.0011344076731817031,0.0,0.0004122846095721
0.0010942808386018021,0.0,0.0004012818882984659
0.0010552038472646185,0.0,0.0003907830233600418
0.0010171292323732373,0.0,0.0003807588111838789
0.0009800123598139587,0.0,0.00037118094041121985
0.0009438112868434157,0.0,0.00036202250083877674
0.000908486597228747,0.0,0.00035325822939402673
0.0008740012313409095,0.0,0.0003448645619468227
0.00084032032037758,0.0,0.00033681959190468014
0.0008074110291231229,0.0,0.0003291029847301008
0.0008766359508377564,0.001014000000000237,0.00032171724641144595
0.0010475136337662339,0.002024199999999976,0.00031534539582805943
0.0010161078696284242,0.0,0.00031407109414305356
0.0009839678653428662,0.0,0.0003214138225031138
0.0009509840217327925,0.0,0.0003298545362940275
0.0009176070859671426,0.0,0.00033378558069491193
0.000884249962222583,0.0,0.0003335873787310706
0.0008511837532288568,0.0,0.0003306778251728759
0.0011328228963328802,0.003142700000001386,0.000326180837482426
0.0011004601353556132,0.0,0.0003236399495039066
0.0010672362538575065,0.0,0.0003322538161171784
0.001032853997143346,0.0,0.00034383922540481837
0.0009978678895395832,0.0,0.00034987798371333145
0.000962804600292394,0.0,0.000350649477384668
0.0009280076837267892,0.0,0.00034798570112276606
0.0008936792576239305,0.0,0.00034329979867175897
0.0009599262357955663,0.0009999999999998899,0.0003374986760400489
0.0009267320441412041,0.0,0.0003319566638777527
0.000893789951861429,0.0,0.0003294362213555613
0.0008609994990834036,0.0,0.0003279198370841341
0.0008284974385527222,0.0,0.00032503559904206725
0.0007964221152994277,0.0,0.00032076794902624606
0.000764862814868067,0.0,0.0003156071242324532
0.0008355829199661935,0.001017200000000107,0.0003099648869577254
0.001108201904918399,0.0030311000000005084,0.0003047866906386032
0.0010776884058912694,0.0,0.000305145900126369
0.0011458938439525112,0.0009999999999997788,0.0003179144432673975
0.001112492302741619,0.0,0.0003340299322412976
0.0010777181056413564,0.0,0.0003477567894831779
0.0010421022068401952,0.0,0.0003561768369014784
0.0010062462099014956,0.0,0.00035857741006745103
0.0012743537190462561,0.0030380000000004292,0.00035680538625615377
0.001339144469511333,0.0010041000000001188,0.0003561611731603964
0.0017038781231359268,0.004016499999999645,0.00036901029529862184
0.00198712649700753,0.003230200000000183,0.00039759838905811806
0.0019414487512569635,0.0,0.00045678917997593604
0.0018885246728791217,0.0,0.0005292664753493437
0.0019313657988057453,0.001000000000000112,0.0005715704116149856
0.001872551454730287,0.0,0.0005881677573275623
0.002412895261734127,0.0060000000000005604,0.0005963507275209001
0.002450355166704249,0.0009999999999983356,0.00062538093757325
0.0024806766018992898,0.0010115000000009422,0.0007082724135868967
0.002403414953431199,0.0,0.0007726462401508316
0.002423328596671259,0.001000000000000334,0.0008008557897799529
0.0023429146867825325,0.0,0.0008041708091827138
0.0022629933637300257,0.0,0.0007992440495664943
0.0021848680321776837,0.0,0.0007812839061956955
0.002109313358185122,0.0,0.000755575666327224
0.002036574025784987,0.0,0.0007274202727013956
0.0019666466426336016,0.0,0.0006992992440865153
0.0018994260864923173,0.0,0.0006722292653859041
0.001834770468751795,0.0,0.0006465783339754116
0.0017725292378713564,0.0,0.000622436129319337
0.0017125556811075971,0.0,0.0005997586417547662
0.0016547112804409514,0.0,0.0005784658739406146
0.0016988567062055815,0.001000000000000112,0.0005585267193485288
0.0016445995131113334,0.0,0.0005425951889422853
0.0015912087404610143,0.0,0.0005339307717534547
0.001538719884333134,0.0,0.0005249105005608046
0.002487313148682796,0.010000000000000009,0.0005136963349803292
0.0025328474528374446,0.001000000000000778,0.0005446226020692224
0.0024651370224112847,0.0,0.0006771274358567947
0.0024878095959248113,0.0009999999999994458,0.000773265355015873
0.0024068987174459154,0.0,0.0008091403211608617
0.00232510978225457,0.0,0.0008179222301658573
0.0022446546813639167,0.0,0.0008045825054106004
0.002166689448509912,0.0,0.0007796821434263856
0.0020916073567214533,0.0,0.0007508489790607475
0.002019458044715239,0.0,0.0007215195089478321
0.002150117752568931,0.0020000000000000018,0.0006933495633438813
0.0029822797919950516,0.008999999999999453,0.0006780750330275254
0.002906548249994778,0.0,0.0007573308068505868
0.0028139464272554926,0.0,0.0009260582600282286
0.002714685291779051,0.0,0.0009926463354034132
0.002615978927296275,0.0,0.0009871009672857145
0.002520515636953685,0.0,0.0009546680824710219
0.0024291008183694395,0.0,0.0009141813635799023
0.0023418286417557386,0.0,0.0008727527281251479
0.0022585371675836797,0.0,0.0008329435049754252
0.002178982558229847,0.0,0.0007955730154550755
0.002302864909249186,0.0019999999999992246,0.000761126785877031
0.002728654942315373,0.0050000000000005596,0.0007419389041881663
0.0027504085799516633,0.0009999999999995568,0.0007824518054583285
0.002663143710418081,0.0,0.000872681330790881
0.002571363031136259,0.0,0.0009178444412726305
0.0024800469992101505,0.0,0.0009131956186541057
0.0023914647011217425,0.0,0.0008858560755276024
0.0023063677709903975,0.0,0.0008510007235698058
0.0023248623896546584,0.0010000000000000009,0.0008150461247301566
0.002246215388983569,0.0,0.0007865013623719053
0.0021694237526768247,0.0,0.0007679469924239957
0.0030946040280309616,0.010000000000001452,0.0007478496966087933
0.0046112427341059746,0.016000000000000902,0.0008331117884178285
0.004462230962393454,0.0,0.0014901397658370064
0.0042538031299278025,0.0,0.0020843187619955517
0.004044855670170361,0.0,0.0020895416509749687
0.003850155051692067,0.0,0.001947068757271464
0.0036709659984447474,0.0,0.0017919465890054997
0.0035059142857199466,0.0,0.001650565098170298
0.003353309325157966,0.0,0.0015261160400185103
0.0032116219679755196,0.0,0.0014169427460215545
0.0030795471998185165,0.0,0.0013208139457168144
0.002955983699542214,0.0,0.0012356962912813962
0.002840000086479566,0.0,0.0011598925455663656
0.002730803977861751,0.0,0.0010920146541584241
0.0035272251757708095,0.00899999999999912,0.001035506369521988
0.0040146385351436,0.005999999999999339,0.0011256978826782449
0.0038687190307241824,0.0,0.0014592388646444965
0.003702977679973335,0.0,0.001657468404025364
0.00493689458669454,0.01399999999999979,0.0016604402004156693
0.004726046245536375,0.0,0.002108537674281652
0.00447984100637584,0.0,0.0024621312959369757
0.0043452756201404095,0.001000000000000223,0.002345696622457649
0.004127082192052239,0.0,0.0021820056463911497
0.003924990430263936,0.0,0.0020209822107111197
0.003739473792705894,0.0,0.0018552240049259927
0.0035689839693566205,0.0,0.0017049605479458885
0.003411667928896911,0.0,0.001573229228046813
0.003265864399707841,0.0,0.0014581066974439505
0.0031301655837772725,0.0,0.0013570566586360577
0.00300338943448582,0.0,0.0012678249174808975
0.0028845403908707933,0.0,0.001188548641048559
0.0027727744148732083,0.0,0.0011177145645828723
0.003167113627923446,0.0050000000000002265,0.0010564621735610347
0.003060755249638852,0.0,0.0010636182600080035
0.00504603481338417,0.020999999999999353,0.0011465697183262735
0.004860072660305165,0.0,0.0018596528325669492
0.004805880492194941,0.002000000000001445,0.002541937753550494
0.004648527940161168,0.001000000000001,0.0025735747647870344
0.0049991144853094634,0.0060000000000010045,0.002494025859873128
0.004838176807636957,0.0009999999999997788,0.0026094255797783905
0.004574431729982819,0.0,0.002637533646206114
0.00432925738656646,0.0,0.0024518192314176845
0.00410679214040745,0.0,0.0022247199708679277
0.0039048571616562,0.0,0.002019420754385992
0.0037205869755718548,0.0,0.0018427805637357686
0.008322044407580049,0.04799999999999949,0.0019841404178273514
0.008074948546488204,0.004999999999999671,0.007470992834049728
0.007230083204916466,0.0,0.008448867696911444
0.006657536813245724,0.001000000000000112,0.0067256148459369225
0.006403483104794027,0.003000000000000669,0.005540605347466032
0.00620901621248447,0.0029999999999994476,0.004944720889332954
0.005755170736171567,0.0,0.004538584090980846
0.005457057249706643,0.0009999999999998899,0.003981221165520354
0.00510690063412606,0.0,0.0035016706465617053
0.004798051117379382,0.0,0.0030885841421895988
0.00452529795580513,0.0,0.002727622917704453
0.004282235048487066,0.0,0.0024307284040435695
0.004063627168857759,0.0,0.002186178454856469
0.0040649506150459425,0.0019999999999996687,0.001986764014504705
0.004675209977010847,0.007999999999999674,0.0018972122621565557
0.00446356103602496,0.0,0.0021165515593701834
0.004338855541652614,0.001000000000000445,0.0022470948450229455
0.0041232904976638675,0.0,0.0021557210226090806
0.003922064655098418,0.0,0.002012322998274474
0.0038367475645784245,0.0009999999999993348,0.001853198236054232
0.0042624197182361155,0.00599999999999945,0.0017431384748256562
0.004079911377889977,0.0,0.0018251415381348446
0.0039903933280309445,0.0010000000000015552,0.0018952102136288174
0.00380697912907329,0.0,0.0018342039278526068
0.003633489520073002,0.0,0.001734953495702407
0.0034720122496872453,0.0,0.0016148253254484324
0.0033221094475788526,0.0,0.001499075396328764
0.003182660022588485,0.0,0.0013945498667490286
0.0030525162816419037,0.0,0.0013014971568207079
0.002930652523039512,0.0,0.0012186964052940397
0.0028161819957589207,0.0,0.0011447605879991718
0.0027083429646290458,0.0,0.001078443031585885
0.002606480131428668,0.0,0.0010186776076089865
0.0025100269171619504,0.0,0.0009645777736511096
0.0024184907897022213,0.0,0.0009154033429007447
0.002331441251855898,0.0,0.000870534109885468
0.0022485000676595148,0.0,0.000829447535649841
0.0021693332925769248,0.0,0.000791700738083212
0.002293604539314681,0.002000000000000668,0.0007572376210264187
0.002419867600358805,0.0019999999999994467,0.0007373202780873722
0.002344895186427187,0.0,0.0007497531648176237
0.0022678072999877453,0.0,0.0007709080874844787
0.0022908494551173997,0.0010000000000000009,0.0007695688528897016
0.0022150534138061563,0.0,0.0007579907299002375
0.002140279013086027,0.0,0.0007477740449879366
0.0021672560609432958,0.0009999999999995568,0.000730218437617447
0.0020960270596436957,0.0,0.0007123189120031848
0.002025997025159443,0.0,0.0007003288898683735
0.0020575920177243246,0.001000000000000667,0.0006840363680513661
0.002090788061520038,0.001000000000000223,0.0006680254143576203
0.002024515851291797,0.0,0.0006627491392382501
0.0019583753512951883,0.0,0.0006614315099049417
0.0018931924717517923,0.0,0.0006518553069387867
0.0018296551170708998,0.0,0.0006353988503668972
0.001768061044083602,0.0,0.0006159648001845541
0.0017084894552744812,0.0,0.0005957387100122835
0.0016509161982915688,0.0,0.0005757538113386751
0.001595271195526371,0.0,0.0005564697837644461
0.001541466182031076,0.0,0.000538068568831318
0.0014894078546362766,0.0,0.000520602203473941
0.001439004275865402,0.0,0.0005040543829569755
0.00139016753481907,0.0,0.0004883853363014667
0.0013428147816849812,0.0,0.000473544636772516
0.0013968605923388444,0.0009999999999996678,0.00045951805727639794
0.0013520636237287441,0.0,0.00044798958517855425
0.0013078560531486149,0.0,0.00044209554968466236
0.0012641783292686893,0.0,0.0004367964069332819
0.0012212444699763515,0.0,0.000429357161516708
0.001379195143455647,0.002000000000001334,0.0004204233266408286
0.0013378049893418343,0.0,0.000413917927758245
0.0012961242513858772,0.0,0.00041682539849574596
0.0012541073703820737,0.0,0.00042018698952595024
0.00131260656682764,0.0010036000000005485,0.00041858225528812465
0.0012711328179322023,0.0,0.00041475607253260716
0.0012297893319380526,0.0,0.00041345316071861316
0.0012886515954280199,0.001000000000000112,0.00041135135829373226
0.001247870549090002,0.0,0.00040782878985978765
0.001207194181338933,0.0,0.00040678173049657484
0.001166701986603813,0.0,0.00040493986503908896
0.0011266837740305847,0.0,0.0004002001791796328
0.0010873479822389564,0.0,0.00039337516654969207
0.0012487958760215912,0.0019999999999993356,0.00038544838020448946
0.0012108425776627297,0.0,0.00037954820685670576
0.001172637346418981,0.0,0.00038206904816728837
0.0012340495193329027,0.0009999999999998899,0.0003858510807446258
0.0011953694534437176,0.0,0.00038681816265784263
0.0011565079661586652,0.0,0.0003886321398678394
0.0011176285791554997,0.0,0.0003888111110145198
0.001079069885838141,0.0,0.0003856045697068211
0.001041075021982496,0.0,0.00037996545963692174
0.0010037819309239749,0.0,0.00037294708054158576
0.0009672586669994376,0.0,0.0003652482482527919
0.0009315314863610147,0.0,0.0003572864327157088
0.0008966026361467039,0.0,0.00034930227905272115
0.0008624606602715412,0.0,0.000341432351387283
0.0008290866461511892,0.0,0.00033375154901527093
0.0007964578133855926,0.0,0.0003262987225293168
0.0007645496535050034,0.0,0.00031909115443629066
0.000934015546775302,0.0020069000000005888,0.00031216070791695305
0.0011060574777400022,0.0020274000000002346,0.0003069014130784309
0.0010750493362075898,0.0,0.00031009225521716477
0.0010426825869519097,0.0,0.00032368191860387974
0.0010090061878870737,0.0,0.000336780637872125
0.0009746675093081525,0.0,0.0003434043678390841
0.0009402107838409057,0.0,0.00034458381771851343
0.0011059740040546939,0.002000000000000335,0.00034229155951481793
0.0010719850486962835,0.0,0.0003399044648519922
0.0011375995964052921,0.001000000000000778,0.0003438252601217773
0.0011025847412816537,0.0,0.00035016457317027516
0.0010669152588101195,0.0,0.00035671060052411274
0.0010308651744360743,0.0,0.0003605182227380821
0.0009948552837920955,0.0,0.00036011576194794337
0.0009591929188502712,0.0,0.0003566403219159575
0.0009240617267687046,0.0,0.0003513277066546916
0.000889562353525053,0.0,0.0003450089245706778
0.0008557440667307847,0.0,0.0003381977828357252
0.0008226252939442346,0.0,0.0003312013613154807
0.000790206749294059,0.0,0.0003241982376874786
0.0008591825099139472,0.0010070999999990393,0.0003173089175482202
0.0008280580680098904,0.0,0.0003112596293036729
0.0009988762477718348,0.002016600000000146,0.0003083389989052554
0.0009680334919814515,0.0,0.0003084409093224716
0.0010369492118096624,0.001003500000000046,0.0003143116467591023
0.0010047267385345283,0.0,0.0003222394142231577
0.0009717265115513907,0.0,0.0003300169274100817
0.0010382103258720521,0.0009999999999994458,0.00033513164873977264
0.0011044967999289945,0.001000000000000223,0.000337104281358358
0.001070432199760818,0.0,0.0003406615626129206
0.0012357116907310063,0.002000000000000668,0.00034712910459322455
0.0014002898758417482,0.0020000000000000018,0.0003541458284137544
0.0014633808542126481,0.001000000000000556,0.00036906146580895083
0.001823910556149344,0.004000000000001114,0.0003945542842146432
0.001780872937101685,0.0,0.00043038883370327685
0.002132560623843055,0.003999999999998671,0.00048298188552409194
0.002078956619521721,0.0,0.0005360562571959937
0.002121977834229716,0.0010286000000004902,0.000598370171034146
0.0020582254873607875,0.0,0.0006375490268405448
0.002094436666773297,0.0010186999999990398,0.0006565736047966508
0.002028300642775466,0.0,0.0006613872036965729
0.001962116604544928,0.0,0.0006618668361240143
0.0018968376982967828,0.0,0.000652815607200985
0.0018331862259058085,0.0,0.0006365400722340153
0.002077984472057215,0.0030654999999997212,0.0006174172667527955
0.0021191999872170906,0.0010222999999994764,0.0006101261656568102
0.002056035520065347,0.0,0.0006316698697733658
0.001990842053564651,0.0,0.0006519622413798665
0.0019254897850351726,0.0,0.0006535492357712114
0.0018612720780859682,0.0,0.0006422034152528955
0.00179878308569128,0.0,0.0006249148168951946
0.0017382442325720004,0.0,0.0006054120177929612
0.0016796982683446372,0.0,0.000585481894468165
0.0016231059035354766,0.0,0.0005659443152316035
0.0015683921294164017,0.0,0.0005471569967293588
0.001515468471161452,0.0,0.0005292545376944791
0.0015683939296349703,0.0010415999999997538,0.0005123218265378204
0.0015185269661043721,0.0,0.000498691306847654
0.0014693490729613345,0.0,0.0004918005190375219
0.0014208550114749585,0.0,0.0004849612412702875
0.0013733125137663893,0.0,0.00047544507217445187
0.0013268896992925717,0.0,0.00046424739013117833
0.001281656217182986,0.0,0.0004523528378814756
0.0012376239364423613,0.0,0.0004403400863034479
0.0011947737844571426,0.0,0.00042851741666416476
0.0012549440441102344,0.0010187999999993202,0.0004170704135425529
0.0012141989949404131,0.0,0.0004074690855183638
0.0011739226187372164,0.0,0.0004027821866630088
0.0011340269448020524,0.0,0.00039897460357785075
0.0011946941712226988,0.0010000000000000009,0.0003933004644434135
0.0011559575827781443,0.0,0.00038738368101243204
0.0011174782561844455,0.0,0.00038481072568241625
0.0010792318138639733,0.0,0.00038248161134912806
0.001041434262834734,0.0,0.0003779923469797719
0.0010042582355406448,0.0,0.0003717767537400052
0.0009678015646051418,0.0,0.00036458251998294777
0.0009321101489649763,0.0,0.00035692964500189106
0.0008971981029820886,0.0,0.0003491344824511078
0.0008630614936211423,0.0,0.0003413792366807611
0.001030434244094175,0.0020076000000007754,0.0003337940891361413
0.0009976248352582373,0.0,0.00032810865703569725
0.0010655894161588297,0.0010091999999992662,0.0003295235872856628
0.0014449425563666184,0.004128099999999968,0.00033440364266712486
0.001410316404452283,0.0,0.0003462709085944038
0.0014726278403669579,0.0009999999999997788,0.00037685818748756095
0.0014319111281824114,0.0,0.0004071840983406183
0.001489028713209628,0.001000000000001,0.0004287995499709929
0.0014448826311703245,0.0,0.0004414799686452975
0.0013998657906039047,0.0,0.0004501874570842501
0.0013545912784578063,0.0,0.0004527661248636683
0.0013096779460611053,0.0,0.0004491533300555739
0.0012655019210592922,0.0,0.000441779203399717
0.0013222498824689843,0.0009999999999993348,0.000432495223477547
0.0012798581029503432,0.0,0.00042393681609420586
0.0012378816825154904,0.0,0.000419783224773318
0.0013000460258579317,0.0010375999999999719,0.00041592911209475947
0.0012589081091961107,0.0,0.00041139769131592896
0.001217914423586458,0.0,0.0004099550307523625
0.001177121937820985,0.0,0.000407942890469859
0.0012368113887426535,0.0009999999999995568,0.00040307883521106813
0.001197062161885143,0.0,0.0003975103469222585
0.0011575486123629297,0.0,0.0003951531888611859
0.001118273572222417,0.0,0.00039276794054066144
0.001394374822211214,0.0031492000000008513,0.00038806522158119083
0.0013557629422309703,0.0,0.0003861337931692077
0.0013159366274728356,0.0,0.0003982806986549958
0.0012748347933833504,0.0,0.0004110376963027962
0.0012332794868994078,0.0,0.0004155727157031386
0.0011919085597914768,0.0,0.0004137285239603772
0.0011510952446235178,0.0,0.00040815092950319265
0.0011110392515671086,0.0,0.0004005773536444046
0.001071837403713305,0.0,0.00039203511003527147
0.0010335283198726398,0.0,0.00038310644391426063
0.0009961178875059872,0.0,0.0003741191677685274
0.0011697410695980293,0.002101600000001036,0.0003652881966145216
0.0012389199564364739,0.0010508000000002404,0.0003589797702091557
0.0012026474794131548,0.0,0.00036274057696716877
0.0011653314306177998,0.0,0.00037317640685718967
0.0011273038964904724,0.0,0.00038029367952041593
0.0010891547565124616,0.0,0.00038150917920642957
0.001051304586907803,0.0,0.0003785192851187835
0.0010140003481178162,0.0,0.0003730589698698328
0.0009773759597367037,0.0,0.0003662598124810623
0.0011473649242388472,0.0020588000000001383,0.00035883188656882226
0.0012190485386750604,0.001070199999999799,0.0003533312981806036
0.001183325690285747,0.0,0.000357244318761607
0.0011465569720549296,0.0,0.0003677028835115115
0.0011090581633245056,0.0,0.00037500622175168363
0.001071411336327438,0.0,0.0003764859450992031
0.0010340362938628222,0.0,0.0003737678743946926
0.0009971816842502367,0.0,0.00036856252248562704
0.001062627654259779,0.0010165000000001978,0.00036200946026587744
0.0012303468021711284,0.002033100000000343,0.00035583397488359036
0.0011947848046856891,0.0,0.0003556334851658738
0.001158287981574735,0.0,0.0003649836774505255
0.0013225805561845549,0.0020170000000010457,0.0003739993179489032
0.0012845840629254924,0.0,0.00037997944605783207
0.0012455296538720518,0.0,0.00039056061525788444
0.0014081386852544064,0.0020252000000003934,0.000399038471495361
0.0013677095582860011,0.0,0.00040430708268357485
0.0013262289737653531,0.0,0.00041482330727748984
0.0013941352466097568,0.0011018000000002637,0.0004227078713499033
0.001351588714346741,0.0,0.00042548413454734924
0.001308712566640513,0.0,0.0004287800852816881
0.0012657913226783502,0.0,0.00042923215027534933
0.0012232732596125172,0.0,0.00042519968472787273
0.0011814546526566882,0.0,0.00041820420602056707
0.0011404929393414643,0.0,0.00040963451407904916
0.0011004594632008867,0.0,0.0004003512951403776
0.0010613765321905333,0.0,0.0003908447971018303
0.0010232392672146595,0.0,0.0003813872829278031
0.000986028075891565,0.0,0.000372125294199388
0.0009497158268596429,0.0,0.00036313474117000144
0.000914271864876276,0.0,0.00035445089333008273
0.0008796642613657591,0.0,0.00034608730197482895
0.000845861183207125,0.0,0.0003380417602104613
0.0008128315850258305,0.0,0.0003303064507430564
0.0007805455086331625,0.0,0.00032287069333758467
0.0007489742741585536,0.0,0.0003157217794691469
0.0007180905460815234,0.0,0.0003088462817740778
0.0006878683337557034,0.0,0.00030223073675772483
0.0006582829542382429,0.0,0.0002958620510422616
0.0006293109763940097,0.0,0.0002897276967828155
0.0006009301549848356,0.0,0.0002838158372464594
0.0005731193623563613,0.0,0.00027811534892063783
0.000545858533961574,0.0,0.00027261550478241414
0.0005191285976786419,0.0,0.00026730638155236797
0.0004929114135574231,0.0,0.00026217865835842513
0.00046718971706084523,0.0,0.0002572235817792645
0.00044194706590393594,0.0,0.0002524329298787542
0.00041716779043276533,0.0,0.00024779897682447594
0.00039283694739807306,0.0,0.00024331445895531267
0.0003689402769341432,0.0,0.0002389725427467404
0.00034546416253437016,0.0,0.00023476679485234797
0.0003223955938128187,0.0,0.00023069115425766729
0.00029972213184550347,0.0,0.00022673990649035858
0.00027743187689594493,0.0,0.00022290765978461025
0.0002555134383415869,0.0,0.00021918932307862793
0.0002339559066306507,0.0,0.00021558008571498366
0.00021274882711267985,0.0,0.0002120753987079338
0.00019188217559803488,0.0,0.0002086709574586898
0.00017134633551410539,0.0,0.00020536268578885686
0.00015113207653659754,0.0,0.00020214672119489574
0.0001312305345850029,0.0,0.00019901940120570227
0.0001116331930799408,0.0,0.00019597725076925254
9.233186536986571e-05,0.0,0.00019301697055607026
7.331867824061366e-05,0.0,0.0001901354261373278
5.458605643045567e-05,0.0,0.0001873296379272249
3.6126708078104694e-05,0.0,0.00018459677185500567
1.793361103767377e-05,0.0,0.0001819341306975586
0.0,0.0,0.0001793391460170879
